ID,Y
1,0
2,0
3,0
4,0
5,0
6,0
7,69
8,352
9,548
10,705
11,832
12,923
13,943
14,932
15,862
16,740
17,613
18,294
19,152
20,5
21,0
22,0
23,0
24,0
25,0
26,0
27,0
28,0
29,0
30,0
31,31
32,202
33,444
34,516
35,550
36,709
37,615
38,657
39,591
40,578
41,504
42,110
43,72
44,5
45,0
46,0
47,0
48,0
49,0
50,0
51,0
52,0
53,0
54,0
55,28
56,77
57,104
58,113
59,165
60,225
61,243
62,225
63,231
64,231
65,225
66,226
67,112
68,3
69,0
70,0
71,0
72,0
73,0
74,0
75,0
76,0
77,0
78,0
79,79
80,241
81,526
82,676
83,802
84,835
85,898
86,861
87,784
88,707
89,578
90,303
91,106
92,5
93,0
94,0
95,0
96,0
97,0
98,0
99,0
100,0
101,0
102,0
103,72
104,229
105,353
106,364
107,779
108,850
109,806
110,793
111,753
112,686
113,554
114,308
115,110
116,4
117,0
118,0
119,0
120,0
121,0
122,0
123,0
124,0
125,0
126,0
127,88
128,328
129,547
130,711
131,809
132,882
133,772
134,911
135,820
136,638
137,564
138,223
139,118
140,4
141,0
142,0
143,0
144,0
145,0
146,0
147,0
148,0
149,0
150,0
151,83
152,282
153,494
154,665
155,813
156,880
157,899
158,849
159,770
160,718
161,494
162,101
163,122
164,3
165,0
166,0
167,0
168,0
169,0
170,0
171,0
172,0
173,0
174,0
175,30
176,34
177,27
178,21
179,40
180,72
181,29
182,64
183,160
184,130
185,177
186,229
187,129
188,5
189,0
190,0
191,0
192,0
193,0
194,0
195,0
196,0
197,0
198,0
199,86
200,188
201,356
202,550
203,674
204,782
205,813
206,840
207,765
208,668
209,536
210,269
211,109
212,4
213,0
214,0
215,0
216,0
217,0
218,0
219,0
220,0
221,0
222,0
223,55
224,236
225,460
226,585
227,729
228,766
229,872
230,635
231,743
232,666
233,548
234,319
235,132
236,3
237,0
238,0
239,0
240,0
241,0
242,0
243,0
244,0
245,0
246,0
247,66
248,232
249,473
250,629
251,753
252,859
253,872
254,853
255,623
256,666
257,548
258,319
259,132
260,3
261,0
262,0
263,0
264,0
265,0
266,0
267,0
268,0
269,0
270,0
271,56
272,232
273,501
274,649
275,779
276,865
277,874
278,703
279,673
280,675
281,523
282,287
283,114
284,4
285,0
286,0
287,0
288,0
289,0
290,0
291,0
292,0
293,0
294,0
295,54
296,190
297,390
298,553
299,505
300,631
301,720
302,569
303,601
304,475
305,249
306,161
307,109
308,8
309,0
310,0
311,0
312,0
313,0
314,0
315,0
316,0
317,0
318,0
319,61
320,173
321,279
322,415
323,357
324,512
325,493
326,468
327,419
328,264
329,280
330,155
331,92
332,6
333,0
334,0
335,0
336,0
337,0
338,0
339,0
340,0
341,0
342,0
343,70
344,186
345,409
346,411
347,516
348,479
349,699
350,665
351,655
352,349
353,285
354,201
355,107
356,6
357,0
358,0
359,0
360,0
361,0
362,0
363,0
364,0
365,0
366,0
367,67
368,176
369,325
370,490
371,596
372,657
373,644
374,468
375,547
376,458
377,401
378,212
379,104
380,7
381,0
382,0
383,0
384,0
385,0
386,0
387,0
388,0
389,0
390,0
391,61
392,138
393,188
394,603
395,460
396,467
397,632
398,388
399,684
400,472
401,294
402,191
403,103
404,6
405,0
406,0
407,0
408,0
409,0
410,0
411,0
412,0
413,0
414,0
415,68
416,140
417,274
418,425
419,493
420,393
421,414
422,468
423,334
424,336
425,261
426,201
427,94
428,11
429,0
430,0
431,0
432,0
433,0
434,0
435,0
436,0
437,0
438,0
439,51
440,210
441,272
442,418
443,517
444,581
445,682
446,609
447,575
448,622
449,394
450,208
451,110
452,5
453,0
454,0
455,0
456,0
457,0
458,0
459,0
460,0
461,0
462,0
463,51
464,180
465,220
466,506
467,641
468,677
469,729
470,814
471,705
472,608
473,376
474,179
475,107
476,11
477,0
478,0
479,0
480,0
481,0
482,0
483,0
484,0
485,0
486,0
487,67
488,186
489,168
490,484
491,510
492,556
493,627
494,655
495,415
496,331
497,296
498,197
499,98
500,8
501,0
502,0
503,0
504,0
505,0
506,0
507,0
508,0
509,0
510,0
511,67
512,158
513,274
514,437
515,373
516,397
517,411
518,362
519,341
520,311
521,252
522,198
523,95
524,8
525,0
526,0
527,0
528,0
529,0
530,0
531,0
532,0
533,0
534,0
535,43
536,186
537,290
538,443
539,538
540,578
541,452
542,506
543,378
544,331
545,279
546,174
547,110
548,8
549,0
550,0
551,0
552,0
553,0
554,0
555,0
556,0
557,0
558,0
559,43
560,185
561,287
562,408
563,570
564,573
565,727
566,527
567,551
568,477
569,291
570,110
571,96
572,7
573,0
574,0
575,0
576,0
577,0
578,0
579,0
580,0
581,0
582,0
583,133
584,196
585,267
586,551
587,798
588,832
589,839
590,708
591,641
592,435
593,307
594,327
595,629
596,36
597,0
598,0
599,0
600,0
601,0
602,0
603,0
604,0
605,0
606,0
607,120
608,213
609,258
610,590
611,674
612,744
613,714
614,738
615,587
616,499
617,375
618,334
619,556
620,34
621,0
622,0
623,0
624,0
625,0
626,0
627,0
628,0
629,0
630,0
631,147
632,243
633,317
634,329
635,565
636,550
637,594
638,565
639,527
640,488
641,321
642,250
643,190
644,30
645,0
646,0
647,0
648,0
649,0
650,0
651,0
652,0
653,0
654,0
655,171
656,358
657,508
658,562
659,680
660,683
661,688
662,671
663,544
664,465
665,364
666,330
667,219
668,20
669,0
670,0
671,0
672,0
673,0
674,0
675,0
676,0
677,0
678,0
679,189
680,381
681,510
682,629
683,693
684,603
685,700
686,696
687,624
688,603
689,449
690,315
691,239
692,29
693,0
694,0
695,0
696,0
697,0
698,0
699,0
700,0
701,0
702,0
703,64
704,116
705,207
706,371
707,471
708,385
709,458
710,365
711,346
712,310
713,280
714,179
715,103
716,24
717,0
718,0
719,0
720,0
721,0
722,0
723,0
724,0
725,0
726,0
727,75
728,103
729,130
730,310
731,417
732,360
733,375
734,345
735,332
736,414
737,215
738,142
739,108
740,23
741,0
742,0
743,0
744,0
745,0
746,0
747,0
748,0
749,0
750,0
751,72
752,123
753,158
754,319
755,381
756,334
757,331
758,303
759,314
760,253
761,188
762,167
763,127
764,28
765,0
766,0
767,0
768,0
769,0
770,0
771,0
772,0
773,0
774,0
775,72
776,94
777,128
778,347
779,374
780,346
781,367
782,374
783,362
784,349
785,278
786,194
787,150
788,20
789,0
790,0
791,0
792,0
793,0
794,0
795,0
796,0
797,0
798,0
799,59
800,104
801,134
802,348
803,469
804,362
805,360
806,356
807,332
808,331
809,194
810,144
811,107
812,29
813,0
814,0
815,0
816,0
817,0
818,0
819,0
820,0
821,0
822,0
823,68
824,102
825,133
826,310
827,403
828,368
829,403
830,379
831,359
832,467
833,248
834,188
835,158
836,20
837,0
838,0
839,0
840,0
841,0
842,0
843,0
844,0
845,0
846,0
847,48
848,124
849,143
850,379
851,530
852,539
853,445
854,542
855,578
856,478
857,333
858,237
859,205
860,31
861,0
862,0
863,0
864,0
865,0
866,0
867,0
868,0
869,0
870,0
871,118
872,271
873,347
874,437
875,543
876,558
877,519
878,464
879,342
880,342
881,323
882,254
883,107
884,9
885,0
886,0
887,0
888,0
889,0
890,0
891,0
892,0
893,0
894,0
895,101
896,264
897,298
898,360
899,379
900,390
901,383
902,374
903,346
904,322
905,241
906,292
907,99
908,10
909,0
910,0
911,0
912,0
913,0
914,0
915,0
916,0
917,0
918,0
919,100
920,197
921,268
922,356
923,349
924,346
925,325
926,322
927,296
928,306
929,285
930,283
931,89
932,11
933,0
934,0
935,0
936,0
937,0
938,0
939,0
940,0
941,0
942,0
943,37
944,104
945,172
946,227
947,277
948,385
949,317
950,322
951,401
952,358
953,254
954,287
955,89
956,12
957,0
958,0
959,0
960,0
961,0
962,0
963,0
964,0
965,0
966,0
967,71
968,221
969,266
970,299
971,377
972,374
973,372
974,425
975,348
976,356
977,282
978,325
979,105
980,8
981,0
982,0
983,0
984,0
985,0
986,0
987,0
988,0
989,0
990,0
991,108
992,276
993,350
994,405
995,540
996,607
997,576
998,510
999,414
1000,373
1001,274
1002,263
1003,99
1004,10
1005,0
1006,0
1007,0
1008,0
1009,0
1010,0
1011,0
1012,0
1013,0
1014,0
1015,124
1016,275
1017,337
1018,333
1019,401
1020,436
1021,399
1022,392
1023,332
1024,323
1025,285
1026,322
1027,92
1028,18
1029,0
1030,0
1031,0
1032,0
1033,0
1034,0
1035,0
1036,0
1037,0
1038,0
1039,110
1040,260
1041,354
1042,387
1043,542
1044,510
1045,517
1046,528
1047,422
1048,384
1049,359
1050,267
1051,106
1052,7
1053,0
1054,0
1055,0
1056,0
1057,0
1058,0
1059,0
1060,0
1061,0
1062,0
1063,41
1064,142
1065,229
1066,280
1067,305
1068,420
1069,418
1070,346
1071,265
1072,262
1073,214
1074,237
1075,73
1076,9
1077,0
1078,0
1079,0
1080,0
1081,0
1082,0
1083,0
1084,0
1085,0
1086,0
1087,60
1088,152
1089,217
1090,218
1091,211
1092,195
1093,221
1094,229
1095,170
1096,158
1097,179
1098,272
1099,85
1100,12
1101,0
1102,0
1103,0
1104,0
1105,0
1106,0
1107,0
1108,0
1109,0
1110,0
1111,38
1112,106
1113,191
1114,242
1115,279
1116,343
1117,387
1118,386
1119,344
1120,324
1121,277
1122,294
1123,83
1124,15
1125,0
1126,0
1127,0
1128,0
1129,0
1130,0
1131,0
1132,0
1133,0
1134,0
1135,52
1136,127
1137,210
1138,221
1139,196
1140,245
1141,240
1142,230
1143,209
1144,210
1145,206
1146,298
1147,87
1148,12
1149,0
1150,0
1151,0
1152,0
1153,0
1154,0
1155,0
1156,0
1157,0
1158,0
1159,0
1160,315
1161,510
1162,665
1163,825
1164,741
1165,930
1166,973
1167,892
1168,656
1169,396
1170,182
1171,62
1172,0
1173,0
1174,0
1175,0
1176,0
1177,0
1178,0
1179,0
1180,0
1181,0
1182,0
1183,0
1184,297
1185,454
1186,583
1187,652
1188,703
1189,581
1190,639
1191,815
1192,728
1193,377
1194,233
1195,74
1196,0
1197,0
1198,0
1199,0
1200,0
1201,0
1202,0
1203,0
1204,0
1205,0
1206,0
1207,0
1208,257
1209,443
1210,624
1211,716
1212,627
1213,704
1214,780
1215,828
1216,668
1217,471
1218,277
1219,95
1220,0
1221,0
1222,0
1223,0
1224,0
1225,0
1226,0
1227,0
1228,0
1229,0
1230,0
1231,0
1232,327
1233,480
1234,556
1235,561
1236,582
1237,686
1238,750
1239,721
1240,578
1241,429
1242,242
1243,87
1244,0
1245,0
1246,0
1247,0
1248,0
1249,0
1250,0
1251,0
1252,0
1253,0
1254,0
1255,0
1256,213
1257,395
1258,605
1259,664
1260,695
1261,781
1262,869
1263,871
1264,767
1265,541
1266,293
1267,84
1268,0
1269,0
1270,0
1271,0
1272,0
1273,0
1274,0
1275,0
1276,0
1277,0
1278,0
1279,0
1280,276
1281,481
1282,632
1283,712
1284,806
1285,925
1286,878
1287,830
1288,691
1289,419
1290,285
1291,95
1292,0
1293,0
1294,0
1295,0
1296,0
1297,0
1298,0
1299,0
1300,0
1301,0
1302,0
1303,0
1304,228
1305,388
1306,468
1307,699
1308,782
1309,840
1310,766
1311,656
1312,560
1313,383
1314,204
1315,61
1316,0
1317,0
1318,0
1319,0
1320,0
1321,0
1322,0
1323,0
1324,0
1325,0
1326,0
1327,0
1328,258
1329,413
1330,612
1331,750
1332,861
1333,803
1334,886
1335,849
1336,643
1337,494
1338,222
1339,68
1340,0
1341,0
1342,0
1343,0
1344,0
1345,0
1346,0
1347,0
1348,0
1349,0
1350,0
1351,0
1352,259
1353,506
1354,670
1355,790
1356,901
1357,800
1358,823
1359,603
1360,532
1361,322
1362,196
1363,76
1364,0
1365,0
1366,0
1367,0
1368,0
1369,0
1370,0
1371,0
1372,0
1373,0
1374,0
1375,0
1376,213
1377,371
1378,538
1379,737
1380,809
1381,835
1382,891
1383,880
1384,595
1385,416
1386,250
1387,62
1388,0
1389,0
1390,0
1391,0
1392,0
1393,0
1394,0
1395,0
1396,0
1397,0
1398,0
1399,0
1400,274
1401,458
1402,594
1403,649
1404,714
1405,804
1406,876
1407,836
1408,724
1409,528
1410,278
1411,75
1412,0
1413,0
1414,0
1415,0
1416,0
1417,0
1418,0
1419,0
1420,0
1421,0
1422,0
1423,0
1424,230
1425,410
1426,595
1427,721
1428,731
1429,802
1430,890
1431,730
1432,619
1433,440
1434,260
1435,70
1436,0
1437,0
1438,0
1439,0
1440,0
1441,0
1442,0
1443,0
1444,0
1445,0
1446,0
1447,154
1448,267
1449,468
1450,518
1451,643
1452,545
1453,796
1454,645
1455,650
1456,626
1457,369
1458,170
1459,98
1460,12
1461,0
1462,0
1463,0
1464,0
1465,0
1466,0
1467,0
1468,0
1469,0
1470,0
1471,139
1472,296
1473,545
1474,660
1475,803
1476,755
1477,923
1478,925
1479,843
1480,802
1481,765
1482,361
1483,161
1484,15
1485,0
1486,0
1487,0
1488,0
1489,0
1490,0
1491,0
1492,0
1493,0
1494,0
1495,142
1496,368
1497,548
1498,736
1499,784
1500,871
1501,993
1502,918
1503,835
1504,754
1505,648
1506,421
1507,162
1508,10
1509,0
1510,0
1511,0
1512,0
1513,0
1514,0
1515,0
1516,0
1517,0
1518,0
1519,131
1520,284
1521,635
1522,668
1523,789
1524,874
1525,842
1526,909
1527,849
1528,740
1529,466
1530,161
1531,95
1532,11
1533,0
1534,0
1535,0
1536,0
1537,0
1538,0
1539,0
1540,0
1541,0
1542,0
1543,115
1544,227
1545,502
1546,651
1547,737
1548,720
1549,568
1550,498
1551,519
1552,492
1553,312
1554,120
1555,82
1556,18
1557,0
1558,0
1559,0
1560,0
1561,0
1562,0
1563,0
1564,0
1565,0
1566,0
1567,80
1568,235
1569,362
1570,457
1571,556
1572,873
1573,902
1574,864
1575,787
1576,562
1577,520
1578,352
1579,172
1580,18
1581,0
1582,0
1583,0
1584,0
1585,0
1586,0
1587,0
1588,0
1589,0
1590,0
1591,139
1592,323
1593,675
1594,572
1595,700
1596,878
1597,930
1598,875
1599,858
1600,803
1601,495
1602,358
1603,171
1604,16
1605,0
1606,0
1607,0
1608,0
1609,0
1610,0
1611,0
1612,0
1613,0
1614,0
1615,137
1616,336
1617,653
1618,733
1619,769
1620,821
1621,932
1622,907
1623,831
1624,757
1625,642
1626,418
1627,162
1628,16
1629,0
1630,0
1631,0
1632,0
1633,0
1634,0
1635,0
1636,0
1637,0
1638,0
1639,122
1640,338
1641,581
1642,737
1643,720
1644,926
1645,993
1646,920
1647,835
1648,797
1649,647
1650,406
1651,162
1652,15
1653,0
1654,0
1655,0
1656,0
1657,0
1658,0
1659,0
1660,0
1661,0
1662,0
1663,139
1664,333
1665,469
1666,702
1667,782
1668,814
1669,889
1670,939
1671,770
1672,576
1673,394
1674,164
1675,86
1676,12
1677,0
1678,0
1679,0
1680,0
1681,0
1682,0
1683,0
1684,0
1685,0
1686,0
1687,130
1688,361
1689,515
1690,712
1691,786
1692,912
1693,1005
1694,939
1695,871
1696,830
1697,568
1698,379
1699,160
1700,15
1701,0
1702,0
1703,0
1704,0
1705,0
1706,0
1707,0
1708,0
1709,0
1710,0
1711,127
1712,343
1713,544
1714,763
1715,799
1716,844
1717,933
1718,931
1719,847
1720,771
1721,650
1722,442
1723,163
1724,15
1725,0
1726,0
1727,0
1728,0
1729,0
1730,0
1731,0
1732,0
1733,0
1734,0
1735,0
1736,190
1737,329
1738,594
1739,670
1740,745
1741,797
1742,768
1743,739
1744,666
1745,484
1746,293
1747,48
1748,0
1749,0
1750,0
1751,0
1752,0
1753,0
1754,0
1755,0
1756,0
1757,0
1758,0
1759,0
1760,101
1761,266
1762,212
1763,248
1764,254
1765,267
1766,191
1767,228
1768,229
1769,213
1770,164
1771,43
1772,0
1773,0
1774,0
1775,0
1776,0
1777,0
1778,0
1779,0
1780,0
1781,0
1782,0
1783,0
1784,104
1785,252
1786,332
1787,310
1788,363
1789,451
1790,508
1791,481
1792,344
1793,568
1794,260
1795,66
1796,0
1797,0
1798,0
1799,0
1800,0
1801,0
1802,0
1803,0
1804,0
1805,0
1806,0
1807,0
1808,160
1809,365
1810,595
1811,788
1812,809
1813,875
1814,888
1815,832
1816,683
1817,468
1818,295
1819,44
1820,0
1821,0
1822,0
1823,0
1824,0
1825,0
1826,0
1827,0
1828,0
1829,0
1830,0
1831,0
1832,101
1833,140
1834,202
1835,287
1836,274
1837,275
1838,267
1839,302
1840,292
1841,265
1842,252
1843,45
1844,0
1845,0
1846,0
1847,0
1848,0
1849,0
1850,0
1851,0
1852,0
1853,0
1854,0
1855,0
1856,141
1857,344
1858,531
1859,643
1860,648
1861,708
1862,754
1863,645
1864,561
1865,439
1866,326
1867,47
1868,0
1869,0
1870,0
1871,0
1872,0
1873,0
1874,0
1875,0
1876,0
1877,0
1878,0
1879,0
1880,113
1881,175
1882,258
1883,296
1884,233
1885,258
1886,272
1887,268
1888,262
1889,299
1890,216
1891,26
1892,0
1893,0
1894,0
1895,0
1896,0
1897,0
1898,0
1899,0
1900,0
1901,0
1902,0
1903,0
1904,200
1905,441
1906,564
1907,496
1908,647
1909,900
1910,840
1911,798
1912,674
1913,481
1914,328
1915,44
1916,0
1917,0
1918,0
1919,0
1920,0
1921,0
1922,0
1923,0
1924,0
1925,0
1926,0
1927,0
1928,124
1929,181
1930,348
1931,306
1932,296
1933,342
1934,292
1935,407
1936,326
1937,332
1938,340
1939,63
1940,0
1941,0
1942,0
1943,0
1944,0
1945,0
1946,0
1947,0
1948,0
1949,0
1950,0
1951,0
1952,94
1953,159
1954,209
1955,276
1956,250
1957,281
1958,285
1959,285
1960,274
1961,277
1962,230
1963,49
1964,0
1965,0
1966,0
1967,0
1968,0
1969,0
1970,0
1971,0
1972,0
1973,0
1974,0
1975,0
1976,147
1977,323
1978,344
1979,346
1980,385
1981,489
1982,405
1983,391
1984,340
1985,350
1986,298
1987,64
1988,0
1989,0
1990,0
1991,0
1992,0
1993,0
1994,0
1995,0
1996,0
1997,0
1998,0
1999,0
2000,174
2001,296
2002,285
2003,397
2004,424
2005,421
2006,442
2007,464
2008,449
2009,393
2010,303
2011,50
2012,0
2013,0
2014,0
2015,0
2016,0
2017,0
2018,0
2019,0
2020,0
2021,0
2022,0
2023,27
2024,96
2025,206
2026,237
2027,361
2028,321
2029,329
2030,309
2031,303
2032,289
2033,284
2034,182
2035,92
2036,1
2037,0
2038,0
2039,0
2040,0
2041,0
2042,0
2043,0
2044,0
2045,0
2046,0
2047,51
2048,75
2049,219
2050,414
2051,550
2052,504
2053,416
2054,398
2055,420
2056,397
2057,357
2058,112
2059,35
2060,2
2061,1
2062,0
2063,0
2064,0
2065,0
2066,0
2067,0
2068,0
2069,0
2070,0
2071,29
2072,45
2073,287
2074,434
2075,518
2076,403
2077,432
2078,460
2079,479
2080,433
2081,390
2082,202
2083,107
2084,1
2085,0
2086,0
2087,0
2088,0
2089,0
2090,0
2091,0
2092,0
2093,0
2094,0
2095,70
2096,125
2097,323
2098,338
2099,464
2100,474
2101,519
2102,499
2103,487
2104,468
2105,392
2106,209
2107,114
2108,2
2109,0
2110,0
2111,0
2112,0
2113,0
2114,0
2115,0
2116,0
2117,0
2118,0
2119,42
2120,97
2121,360
2122,459
2123,573
2124,468
2125,565
2126,482
2127,565
2128,554
2129,483
2130,154
2131,69
2132,2
2133,0
2134,0
2135,0
2136,0
2137,0
2138,0
2139,0
2140,0
2141,0
2142,0
2143,25
2144,38
2145,139
2146,245
2147,347
2148,354
2149,273
2150,303
2151,373
2152,274
2153,260
2154,112
2155,47
2156,3
2157,0
2158,0
2159,0
2160,0
2161,0
2162,0
2163,0
2164,0
2165,0
2166,0
2167,72
2168,107
2169,175
2170,283
2171,361
2172,368
2173,374
2174,359
2175,324
2176,325
2177,313
2178,226
2179,104
2180,2
2181,0
2182,0
2183,0
2184,0
2185,0
2186,0
2187,0
2188,0
2189,0
2190,0
2191,76
2192,111
2193,388
2194,480
2195,707
2196,817
2197,860
2198,808
2199,780
2200,557
2201,448
2202,127
2203,71
2204,2
2205,2
2206,0
2207,0
2208,0
2209,0
2210,0
2211,0
2212,0
2213,0
2214,0
2215,14
2216,39
2217,144
2218,219
2219,183
2220,286
2221,241
2222,269
2223,247
2224,238
2225,238
2226,190
2227,89
2228,2
2229,1
2230,0
2231,0
2232,0
2233,0
2234,0
2235,0
2236,0
2237,0
2238,0
2239,86
2240,129
2241,344
2242,442
2243,414
2244,419
2245,418
2246,396
2247,371
2248,344
2249,316
2250,194
2251,93
2252,2
2253,1
2254,0
2255,0
2256,0
2257,0
2258,0
2259,0
2260,0
2261,0
2262,0
2263,65
2264,126
2265,396
2266,678
2267,754
2268,893
2269,887
2270,849
2271,763
2272,609
2273,457
2274,214
2275,93
2276,0
2277,0
2278,0
2279,0
2280,0
2281,0
2282,0
2283,0
2284,0
2285,0
2286,0
2287,63
2288,130
2289,394
2290,516
2291,755
2292,858
2293,858
2294,842
2295,700
2296,597
2297,466
2298,203
2299,89
2300,1
2301,1
2302,0
2303,0
2304,0
2305,0
2306,0
2307,0
2308,0
2309,0
2310,0
2311,0
2312,233
2313,314
2314,421
2315,357
2316,415
2317,602
2318,694
2319,703
2320,514
2321,384
2322,120
2323,25
2324,0
2325,0
2326,0
2327,0
2328,0
2329,0
2330,0
2331,0
2332,0
2333,0
2334,0
2335,0
2336,241
2337,442
2338,672
2339,757
2340,741
2341,724
2342,734
2343,734
2344,598
2345,429
2346,197
2347,38
2348,0
2349,0
2350,0
2351,0
2352,0
2353,0
2354,0
2355,0
2356,0
2357,0
2358,0
2359,0
2360,242
2361,432
2362,628
2363,699
2364,705
2365,812
2366,849
2367,766
2368,513
2369,382
2370,124
2371,32
2372,0
2373,0
2374,0
2375,0
2376,0
2377,0
2378,0
2379,0
2380,0
2381,0
2382,0
2383,0
2384,226
2385,412
2386,675
2387,750
2388,753
2389,779
2390,835
2391,799
2392,493
2393,400
2394,187
2395,39
2396,0
2397,0
2398,0
2399,0
2400,0
2401,0
2402,0
2403,0
2404,0
2405,0
2406,0
2407,0
2408,224
2409,404
2410,640
2411,710
2412,724
2413,731
2414,798
2415,764
2416,604
2417,377
2418,151
2419,58
2420,0
2421,0
2422,0
2423,0
2424,0
2425,0
2426,0
2427,0
2428,0
2429,0
2430,0
2431,0
2432,233
2433,359
2434,636
2435,763
2436,730
2437,764
2438,782
2439,666
2440,544
2441,313
2442,209
2443,11
2444,0
2445,0
2446,0
2447,0
2448,0
2449,0
2450,0
2451,0
2452,0
2453,0
2454,0
2455,0
2456,94
2457,261
2458,243
2459,239
2460,213
2461,189
2462,265
2463,306
2464,304
2465,293
2466,134
2467,27
2468,0
2469,0
2470,0
2471,0
2472,0
2473,0
2474,0
2475,0
2476,0
2477,0
2478,0
2479,0
2480,250
2481,411
2482,623
2483,714
2484,738
2485,806
2486,831
2487,805
2488,509
2489,403
2490,181
2491,61
2492,0
2493,0
2494,0
2495,0
2496,0
2497,0
2498,0
2499,0
2500,0
2501,0
2502,0
2503,0
2504,242
2505,452
2506,677
2507,795
2508,884
2509,897
2510,843
2511,774
2512,462
2513,285
2514,165
2515,20
2516,0
2517,0
2518,0
2519,0
2520,0
2521,0
2522,0
2523,0
2524,0
2525,0
2526,0
2527,0
2528,244
2529,327
2530,708
2531,811
2532,915
2533,921
2534,928
2535,831
2536,514
2537,349
2538,238
2539,59
2540,0
2541,0
2542,0
2543,0
2544,0
2545,0
2546,0
2547,0
2548,0
2549,0
2550,0
2551,0
2552,233
2553,457
2554,555
2555,448
2556,515
2557,682
2558,736
2559,714
2560,456
2561,334
2562,156
2563,33
2564,0
2565,0
2566,0
2567,0
2568,0
2569,0
2570,0
2571,0
2572,0
2573,0
2574,0
2575,0
2576,227
2577,399
2578,608
2579,851
2580,927
2581,931
2582,935
2583,852
2584,463
2585,386
2586,233
2587,41
2588,0
2589,0
2590,0
2591,0
2592,0
2593,0
2594,0
2595,0
2596,0
2597,0
2598,0
2599,89
2600,225
2601,317
2602,661
2603,819
2604,872
2605,834
2606,782
2607,627
2608,555
2609,403
2610,311
2611,175
2612,18
2613,0
2614,0
2615,0
2616,0
2617,0
2618,0
2619,0
2620,0
2621,0
2622,0
2623,122
2624,245
2625,361
2626,542
2627,758
2628,840
2629,707
2630,622
2631,564
2632,674
2633,415
2634,302
2635,177
2636,26
2637,0
2638,0
2639,0
2640,0
2641,0
2642,0
2643,0
2644,0
2645,0
2646,0
2647,123
2648,257
2649,326
2650,506
2651,637
2652,853
2653,832
2654,895
2655,765
2656,509
2657,290
2658,202
2659,112
2660,18
2661,0
2662,0
2663,0
2664,0
2665,0
2666,0
2667,0
2668,0
2669,0
2670,0
2671,57
2672,103
2673,124
2674,258
2675,311
2676,361
2677,325
2678,347
2679,264
2680,270
2681,263
2682,190
2683,77
2684,18
2685,0
2686,0
2687,0
2688,0
2689,0
2690,0
2691,0
2692,0
2693,0
2694,0
2695,78
2696,185
2697,140
2698,171
2699,357
2700,290
2701,344
2702,231
2703,265
2704,292
2705,250
2706,154
2707,86
2708,13
2709,0
2710,0
2711,0
2712,0
2713,0
2714,0
2715,0
2716,0
2717,0
2718,0
2719,122
2720,269
2721,378
2722,633
2723,850
2724,851
2725,892
2726,641
2727,781
2728,555
2729,301
2730,244
2731,132
2732,17
2733,0
2734,0
2735,0
2736,0
2737,0
2738,0
2739,0
2740,0
2741,0
2742,0
2743,122
2744,209
2745,200
2746,276
2747,353
2748,314
2749,293
2750,284
2751,278
2752,291
2753,307
2754,239
2755,138
2756,16
2757,0
2758,0
2759,0
2760,0
2761,0
2762,0
2763,0
2764,0
2765,0
2766,0
2767,125
2768,283
2769,425
2770,705
2771,788
2772,899
2773,851
2774,849
2775,694
2776,584
2777,288
2778,165
2779,103
2780,17
2781,0
2782,0
2783,0
2784,0
2785,0
2786,0
2787,0
2788,0
2789,0
2790,0
2791,49
2792,91
2793,126
2794,210
2795,283
2796,225
2797,223
2798,186
2799,226
2800,258
2801,286
2802,220
2803,126
2804,16
2805,0
2806,0
2807,0
2808,0
2809,0
2810,0
2811,0
2812,0
2813,0
2814,0
2815,117
2816,171
2817,162
2818,191
2819,316
2820,293
2821,239
2822,257
2823,280
2824,297
2825,244
2826,201
2827,120
2828,14
2829,0
2830,0
2831,0
2832,0
2833,0
2834,0
2835,0
2836,0
2837,0
2838,0
2839,76
2840,182
2841,188
2842,193
2843,293
2844,258
2845,289
2846,230
2847,317
2848,332
2849,405
2850,252
2851,142
2852,21
2853,0
2854,0
2855,0
2856,0
2857,0
2858,0
2859,0
2860,0
2861,0
2862,0
2863,111
2864,129
2865,134
2866,238
2867,242
2868,318
2869,228
2870,184
2871,329
2872,308
2873,322
2874,270
2875,154
2876,17
2877,0
2878,0
2879,0
2880,0
2881,0
2882,0
2883,0
2884,0
2885,0
2886,0
2887,0
2888,84
2889,290
2890,509
2891,591
2892,523
2893,503
2894,481
2895,535
2896,596
2897,443
2898,285
2899,41
2900,0
2901,0
2902,0
2903,0
2904,0
2905,0
2906,0
2907,0
2908,0
2909,0
2910,0
2911,0
2912,139
2913,368
2914,520
2915,716
2916,663
2917,651
2918,608
2919,605
2920,555
2921,391
2922,244
2923,52
2924,0
2925,0
2926,0
2927,0
2928,0
2929,0
2930,0
2931,0
2932,0
2933,0
2934,0
2935,0
2936,27
2937,133
2938,235
2939,366
2940,569
2941,514
2942,437
2943,472
2944,491
2945,444
2946,232
2947,30
2948,3
2949,0
2950,0
2951,0
2952,0
2953,0
2954,0
2955,0
2956,0
2957,0
2958,0
2959,0
2960,108
2961,307
2962,415
2963,573
2964,629
2965,667
2966,554
2967,458
2968,382
2969,402
2970,240
2971,41
2972,0
2973,0
2974,0
2975,0
2976,0
2977,0
2978,0
2979,0
2980,0
2981,0
2982,0
2983,0
2984,89
2985,238
2986,396
2987,686
2988,637
2989,636
2990,551
2991,553
2992,452
2993,380
2994,234
2995,35
2996,0
2997,0
2998,0
2999,0
3000,0
3001,0
3002,0
3003,0
3004,0
3005,0
3006,0
3007,0
3008,105
3009,318
3010,582
3011,774
3012,659
3013,637
3014,547
3015,491
3016,422
3017,325
3018,176
3019,37
3020,0
3021,0
3022,0
3023,0
3024,0
3025,0
3026,0
3027,0
3028,0
3029,0
3030,0
3031,0
3032,72
3033,232
3034,423
3035,477
3036,541
3037,531
3038,534
3039,507
3040,469
3041,464
3042,260
3043,39
3044,0
3045,0
3046,0
3047,0
3048,0
3049,0
3050,0
3051,0
3052,0
3053,0
3054,0
3055,0
3056,92
3057,330
3058,416
3059,408
3060,631
3061,587
3062,470
3063,577
3064,397
3065,443
3066,206
3067,39
3068,0
3069,0
3070,0
3071,0
3072,0
3073,0
3074,0
3075,0
3076,0
3077,0
3078,0
3079,0
3080,110
3081,288
3082,443
3083,502
3084,454
3085,557
3086,408
3087,347
3088,362
3089,402
3090,252
3091,38
3092,0
3093,0
3094,0
3095,0
3096,0
3097,0
3098,0
3099,0
3100,0
3101,0
3102,0
3103,0
3104,158
3105,496
3106,645
3107,705
3108,630
3109,691
3110,648
3111,597
3112,482
3113,411
3114,256
3115,41
3116,0
3117,0
3118,0
3119,0
3120,0
3121,0
3122,0
3123,0
3124,0
3125,0
3126,0
3127,0
3128,178
3129,580
3130,709
3131,699
3132,667
3133,677
3134,632
3135,647
3136,571
3137,428
3138,314
3139,56
3140,1
3141,0
3142,0
3143,0
3144,0
3145,0
3146,0
3147,0
3148,0
3149,0
3150,0
3151,0
3152,221
3153,619
3154,827
3155,913
3156,932
3157,941
3158,891
3159,856
3160,746
3161,546
3162,337
3163,50
3164,1
3165,0
3166,0
3167,0
3168,0
3169,0
3170,0
3171,0
3172,0
3173,0
3174,0
3175,0
3176,299
3177,426
3178,549
3179,894
3180,954
3181,956
3182,959
3183,944
3184,704
3185,415
3186,266
3187,67
3188,1
3189,0
3190,0
3191,0
3192,0
3193,0
3194,0
3195,0
3196,0
3197,0
3198,0
3199,0
3200,286
3201,349
3202,560
3203,324
3204,310
3205,306
3206,316
3207,292
3208,360
3209,299
3210,196
3211,61
3212,2
3213,0
3214,0
3215,0
3216,0
3217,0
3218,0
3219,0
3220,0
3221,0
3222,0
3223,0
3224,283
3225,334
3226,551
3227,505
3228,490
3229,489
3230,491
3231,482
3232,436
3233,330
3234,188
3235,56
3236,1
3237,0
3238,0
3239,0
3240,0
3241,0
3242,0
3243,0
3244,0
3245,0
3246,0
3247,0
3248,225
3249,266
3250,486
3251,307
3252,273
3253,296
3254,263
3255,241
3256,354
3257,303
3258,216
3259,68
3260,1
3261,0
3262,0
3263,0
3264,0
3265,0
3266,0
3267,0
3268,0
3269,0
3270,0
3271,0
3272,299
3273,438
3274,534
3275,322
3276,318
3277,400
3278,446
3279,402
3280,356
3281,353
3282,238
3283,93
3284,0
3285,0
3286,0
3287,0
3288,0
3289,0
3290,0
3291,0
3292,0
3293,0
3294,0
3295,0
3296,319
3297,339
3298,517
3299,507
3300,473
3301,465
3302,430
3303,452
3304,415
3305,337
3306,231
3307,69
3308,2
3309,0
3310,0
3311,0
3312,0
3313,0
3314,0
3315,0
3316,0
3317,0
3318,0
3319,0
3320,288
3321,352
3322,462
3323,304
3324,315
3325,316
3326,315
3327,305
3328,375
3329,423
3330,292
3331,105
3332,0
3333,0
3334,0
3335,0
3336,0
3337,0
3338,0
3339,0
3340,0
3341,0
3342,0
3343,0
3344,341
3345,443
3346,443
3347,332
3348,301
3349,478
3350,488
3351,423
3352,433
3353,334
3354,219
3355,67
3356,0
3357,0
3358,0
3359,0
3360,0
3361,0
3362,0
3363,0
3364,0
3365,0
3366,0
3367,0
3368,301
3369,444
3370,686
3371,922
3372,975
3373,987
3374,1007
3375,982
3376,525
3377,364
3378,179
3379,60
3380,1
3381,0
3382,0
3383,0
3384,0
3385,0
3386,0
3387,0
3388,0
3389,0
3390,0
3391,0
3392,209
3393,241
3394,420
3395,390
3396,280
3397,352
3398,268
3399,243
3400,335
3401,336
3402,214
3403,70
3404,0
3405,0
3406,0
3407,0
3408,0
3409,0
3410,0
3411,0
3412,0
3413,0
3414,0
3415,0
3416,296
3417,326
3418,512
3419,484
3420,463
3421,451
3422,483
3423,460
3424,389
3425,284
3426,162
3427,53
3428,1
3429,0
3430,0
3431,0
3432,0
3433,0
3434,0
3435,0
3436,0
3437,0
3438,0
3439,0
3440,223
3441,330
3442,494
3443,278
3444,280
3445,262
3446,269
3447,256
3448,270
3449,198
3450,216
3451,64
3452,0
3453,0
3454,0
3455,0
3456,0
3457,0
3458,0
3459,0
3460,4
3461,0
3462,0
3463,38
3464,86
3465,439
3466,455
3467,521
3468,631
3469,580
3470,556
3471,536
3472,574
3473,268
3474,123
3475,41
3476,0
3477,0
3478,0
3479,0
3480,0
3481,0
3482,0
3483,0
3484,20
3485,1
3486,0
3487,34
3488,75
3489,402
3490,712
3491,745
3492,729
3493,718
3494,618
3495,580
3496,592
3497,388
3498,175
3499,45
3500,0
3501,0
3502,0
3503,0
3504,0
3505,0
3506,0
3507,0
3508,0
3509,0
3510,0
3511,33
3512,68
3513,275
3514,353
3515,327
3516,505
3517,560
3518,563
3519,554
3520,560
3521,294
3522,166
3523,44
3524,0
3525,0
3526,0
3527,0
3528,0
3529,0
3530,0
3531,0
3532,0
3533,0
3534,0
3535,28
3536,120
3537,174
3538,348
3539,309
3540,516
3541,368
3542,449
3543,449
3544,502
3545,288
3546,120
3547,130
3548,1
3549,0
3550,0
3551,0
3552,0
3553,0
3554,0
3555,0
3556,0
3557,0
3558,0
3559,23
3560,57
3561,182
3562,208
3563,387
3564,361
3565,443
3566,671
3567,610
3568,606
3569,286
3570,137
3571,43
3572,2
3573,0
3574,2
3575,10
3576,0
3577,0
3578,0
3579,0
3580,0
3581,0
3582,0
3583,37
3584,83
3585,268
3586,480
3587,473
3588,507
3589,474
3590,548
3591,521
3592,509
3593,262
3594,145
3595,25
3596,121
3597,4
3598,47
3599,60
3600,0
3601,0
3602,0
3603,0
3604,0
3605,0
3606,0
3607,18
3608,64
3609,211
3610,288
3611,369
3612,431
3613,365
3614,507
3615,517
3616,455
3617,319
3618,178
3619,41
3620,2
3621,0
3622,2
3623,3
3624,0
3625,0
3626,0
3627,0
3628,0
3629,0
3630,0
3631,31
3632,75
3633,235
3634,388
3635,495
3636,455
3637,447
3638,552
3639,557
3640,513
3641,296
3642,157
3643,43
3644,0
3645,0
3646,0
3647,0
3648,0
3649,0
3650,0
3651,0
3652,3
3653,2
3654,0
3655,28
3656,99
3657,237
3658,446
3659,406
3660,521
3661,505
3662,546
3663,562
3664,529
3665,353
3666,191
3667,29
3668,0
3669,0
3670,0
3671,0
3672,0
3673,0
3674,0
3675,0
3676,0
3677,0
3678,0
3679,30
3680,81
3681,233
3682,382
3683,531
3684,473
3685,466
3686,701
3687,689
3688,594
3689,295
3690,136
3691,48
3692,0
3693,0
3694,0
3695,0
3696,0
3697,0
3698,0
3699,0
3700,5
3701,5
3702,5
3703,80
3704,156
3705,636
3706,752
3707,783
3708,746
3709,792
3710,612
3711,899
3712,679
3713,393
3714,135
3715,48
3716,0
3717,0
3718,0
3719,0
3720,0
3721,0
3722,0
3723,0
3724,6
3725,1
3726,0
3727,50
3728,135
3729,525
3730,735
3731,785
3732,744
3733,749
3734,847
3735,786
3736,634
3737,374
3738,194
3739,45
3740,2
3741,0
3742,1
3743,0
3744,0
3745,0
3746,0
3747,0
3748,0
3749,0
3750,0
3751,72
3752,177
3753,380
3754,540
3755,617
3756,664
3757,710
3758,812
3759,655
3760,596
3761,394
3762,217
3763,75
3764,7
3765,0
3766,0
3767,0
3768,0
3769,0
3770,0
3771,0
3772,0
3773,0
3774,0
3775,72
3776,165
3777,435
3778,589
3779,743
3780,773
3781,823
3782,724
3783,548
3784,422
3785,374
3786,187
3787,71
3788,10
3789,0
3790,0
3791,0
3792,0
3793,0
3794,0
3795,0
3796,0
3797,0
3798,0
3799,41
3800,118
3801,203
3802,282
3803,327
3804,288
3805,271
3806,237
3807,198
3808,196
3809,233
3810,143
3811,61
3812,7
3813,0
3814,0
3815,0
3816,0
3817,0
3818,0
3819,0
3820,0
3821,0
3822,0
3823,62
3824,72
3825,116
3826,165
3827,155
3828,160
3829,173
3830,171
3831,160
3832,207
3833,232
3834,236
3835,154
3836,13
3837,0
3838,0
3839,0
3840,0
3841,0
3842,0
3843,0
3844,0
3845,0
3846,0
3847,62
3848,134
3849,295
3850,414
3851,543
3852,544
3853,534
3854,546
3855,468
3856,625
3857,371
3858,171
3859,50
3860,14
3861,0
3862,0
3863,0
3864,0
3865,0
3866,0
3867,0
3868,0
3869,0
3870,0
3871,65
3872,136
3873,320
3874,467
3875,531
3876,581
3877,534
3878,581
3879,586
3880,499
3881,413
3882,271
3883,135
3884,13
3885,0
3886,0
3887,0
3888,0
3889,0
3890,0
3891,0
3892,0
3893,0
3894,0
3895,72
3896,181
3897,455
3898,568
3899,759
3900,822
3901,889
3902,741
3903,667
3904,661
3905,509
3906,264
3907,115
3908,9
3909,0
3910,0
3911,0
3912,0
3913,0
3914,0
3915,0
3916,0
3917,0
3918,0
3919,73
3920,175
3921,425
3922,546
3923,590
3924,614
3925,662
3926,615
3927,559
3928,496
3929,343
3930,170
3931,60
3932,13
3933,0
3934,0
3935,0
3936,0
3937,0
3938,0
3939,0
3940,0
3941,0
3942,0
3943,44
3944,103
3945,203
3946,281
3947,311
3948,259
3949,254
3950,297
3951,227
3952,241
3953,243
3954,179
3955,68
3956,13
3957,0
3958,0
3959,0
3960,0
3961,0
3962,0
3963,0
3964,0
3965,0
3966,0
3967,64
3968,125
3969,300
3970,452
3971,571
3972,588
3973,626
3974,561
3975,623
3976,535
3977,426
3978,280
3979,130
3980,13
3981,0
3982,0
3983,0
3984,0
3985,0
3986,0
3987,0
3988,0
3989,0
3990,0
3991,63
3992,144
3993,281
3994,431
3995,488
3996,540
3997,584
3998,516
3999,555
4000,584
4001,462
4002,265
4003,115
4004,9
4005,0
4006,0
4007,0
4008,0
4009,0
4010,0
4011,0
4012,0
4013,0
4014,0
4015,87
4016,153
4017,510
4018,685
4019,775
4020,835
4021,884
4022,848
4023,781
4024,665
4025,520
4026,292
4027,123
4028,7
4029,0
4030,0
4031,0
4032,0
4033,0
4034,0
4035,0
4036,0
4037,0
4038,0
4039,0
4040,300
4041,391
4042,419
4043,537
4044,783
4045,841
4046,734
4047,714
4048,584
4049,358
4050,223
4051,58
4052,2
4053,0
4054,0
4055,0
4056,0
4057,0
4058,0
4059,0
4060,0
4061,0
4062,0
4063,0
4064,213
4065,391
4066,482
4067,686
4068,849
4069,849
4070,789
4071,694
4072,492
4073,415
4074,181
4075,66
4076,8
4077,0
4078,0
4079,0
4080,0
4081,0
4082,0
4083,0
4084,0
4085,0
4086,0
4087,0
4088,238
4089,337
4090,433
4091,548
4092,696
4093,693
4094,731
4095,636
4096,528
4097,365
4098,243
4099,83
4100,9
4101,0
4102,0
4103,0
4104,0
4105,0
4106,0
4107,0
4108,0
4109,0
4110,0
4111,0
4112,351
4113,337
4114,383
4115,433
4116,465
4117,519
4118,469
4119,419
4120,417
4121,373
4122,206
4123,87
4124,8
4125,0
4126,0
4127,0
4128,0
4129,0
4130,0
4131,0
4132,0
4133,0
4134,0
4135,0
4136,139
4137,276
4138,319
4139,377
4140,438
4141,403
4142,421
4143,367
4144,440
4145,336
4146,150
4147,67
4148,8
4149,0
4150,0
4151,0
4152,0
4153,0
4154,0
4155,0
4156,0
4157,0
4158,0
4159,0
4160,104
4161,275
4162,405
4163,507
4164,657
4165,608
4166,677
4167,621
4168,557
4169,347
4170,221
4171,125
4172,9
4173,0
4174,0
4175,0
4176,0
4177,0
4178,0
4179,0
4180,0
4181,0
4182,0
4183,0
4184,142
4185,311
4186,402
4187,632
4188,735
4189,691
4190,649
4191,609
4192,629
4193,433
4194,255
4195,83
4196,8
4197,0
4198,0
4199,0
4200,0
4201,0
4202,0
4203,0
4204,0
4205,0
4206,0
4207,0
4208,129
4209,297
4210,455
4211,533
4212,722
4213,724
4214,691
4215,638
4216,524
4217,332
4218,229
4219,78
4220,8
4221,0
4222,0
4223,0
4224,0
4225,0
4226,0
4227,0
4228,0
4229,0
4230,0
4231,0
4232,192
4233,309
4234,376
4235,458
4236,632
4237,627
4238,609
4239,536
4240,478
4241,321
4242,214
4243,69
4244,9
4245,0
4246,0
4247,0
4248,0
4249,0
4250,0
4251,0
4252,0
4253,0
4254,0
4255,0
4256,90
4257,206
4258,266
4259,390
4260,388
4261,376
4262,327
4263,297
4264,323
4265,290
4266,209
4267,93
4268,1
4269,0
4270,0
4271,0
4272,0
4273,0
4274,0
4275,0
4276,0
4277,0
4278,0
4279,0
4280,142
4281,166
4282,168
4283,249
4284,284
4285,243
4286,201
4287,175
4288,169
4289,175
4290,142
4291,50
4292,6
4293,0
4294,0
4295,0
4296,0
4297,0
4298,0
4299,0
4300,0
4301,0
4302,0
4303,0
4304,199
4305,251
4306,289
4307,323
4308,296
4309,274
4310,260
4311,260
4312,232
4313,222
4314,183
4315,51
4316,7
4317,0
4318,0
4319,0
4320,0
4321,0
4322,0
4323,0
4324,0
4325,0
4326,0
4327,0
4328,262
4329,251
4330,322
4331,484
4332,468
4333,613
4334,696
4335,678
4336,332
4337,280
4338,388
4339,177
4340,0
4341,1
4342,0
4343,0
4344,0
4345,0
4346,0
4347,0
4348,0
4349,0
4350,0
4351,0
4352,257
4353,221
4354,410
4355,496
4356,472
4357,565
4358,634
4359,762
4360,489
4361,279
4362,193
4363,60
4364,0
4365,12
4366,0
4367,0
4368,0
4369,0
4370,0
4371,0
4372,0
4373,0
4374,0
4375,0
4376,270
4377,321
4378,382
4379,478
4380,474
4381,569
4382,594
4383,747
4384,415
4385,264
4386,199
4387,62
4388,0
4389,0
4390,0
4391,0
4392,0
4393,0
4394,0
4395,0
4396,0
4397,0
4398,0
4399,0
4400,186
4401,165
4402,464
4403,588
4404,544
4405,642
4406,747
4407,621
4408,519
4409,375
4410,288
4411,56
4412,0
4413,0
4414,0
4415,0
4416,0
4417,0
4418,0
4419,0
4420,0
4421,0
4422,0
4423,0
4424,184
4425,199
4426,368
4427,415
4428,489
4429,609
4430,500
4431,725
4432,482
4433,344
4434,314
4435,63
4436,0
4437,0
4438,0
4439,0
4440,0
4441,0
4442,0
4443,0
4444,0
4445,0
4446,0
4447,0
4448,234
4449,259
4450,367
4451,400
4452,338
4453,673
4454,624
4455,793
4456,498
4457,331
4458,289
4459,64
4460,0
4461,0
4462,0
4463,0
4464,0
4465,0
4466,0
4467,0
4468,0
4469,0
4470,0
4471,0
4472,240
4473,233
4474,478
4475,492
4476,572
4477,700
4478,698
4479,691
4480,509
4481,289
4482,286
4483,58
4484,13
4485,28
4486,0
4487,0
4488,0
4489,0
4490,0
4491,0
4492,0
4493,0
4494,0
4495,0
4496,191
4497,301
4498,301
4499,574
4500,669
4501,713
4502,670
4503,710
4504,293
4505,355
4506,124
4507,135
4508,5
4509,1
4510,0
4511,0
4512,0
4513,0
4514,0
4515,0
4516,0
4517,0
4518,0
4519,0
4520,171
4521,299
4522,530
4523,589
4524,660
4525,700
4526,692
4527,715
4528,718
4529,577
4530,282
4531,155
4532,29
4533,3
4534,0
4535,0
4536,0
4537,0
4538,0
4539,0
4540,0
4541,0
4542,0
4543,0
4544,172
4545,271
4546,598
4547,721
4548,802
4549,812
4550,829
4551,731
4552,603
4553,591
4554,319
4555,188
4556,145
4557,143
4558,0
4559,0
4560,0
4561,0
4562,0
4563,0
4564,0
4565,0
4566,0
4567,0
4568,296
4569,513
4570,585
4571,728
4572,560
4573,642
4574,861
4575,631
4576,625
4577,426
4578,224
4579,92
4580,7
4581,0
4582,0
4583,0
4584,0
4585,0
4586,0
4587,0
4588,0
4589,0
4590,0
4591,0
4592,278
4593,420
4594,656
4595,768
4596,758
4597,830
4598,907
4599,764
4600,432
4601,280
4602,139
4603,79
4604,0
4605,0
4606,0
4607,0
4608,0
4609,0
4610,0
4611,0
4612,0
4613,0
4614,0
4615,231
4616,441
4617,637
4618,725
4619,1019
4620,1076
4621,1075
4622,842
4623,667
4624,468
4625,327
4626,308
4627,105
4628,30
4629,0
4630,0
4631,0
4632,0
4633,0
4634,0
4635,0
4636,0
4637,0
4638,0
4639,207
4640,364
4641,543
4642,844
4643,973
4644,1092
4645,1091
4646,1046
4647,792
4648,756
4649,654
4650,503
4651,208
4652,40
4653,0
4654,0
4655,0
4656,0
4657,0
4658,0
4659,0
4660,0
4661,0
4662,0
4663,170
4664,314
4665,387
4666,807
4667,669
4668,647
4669,987
4670,793
4671,621
4672,403
4673,561
4674,297
4675,116
4676,37
4677,0
4678,0
4679,0
4680,0
4681,0
4682,0
4683,0
4684,0
4685,0
4686,0
4687,182
4688,331
4689,548
4690,861
4691,1007
4692,1082
4693,1032
4694,761
4695,579
4696,403
4697,352
4698,417
4699,170
4700,33
4701,0
4702,0
4703,0
4704,0
4705,0
4706,0
4707,0
4708,0
4709,0
4710,0
4711,171
4712,267
4713,547
4714,674
4715,643
4716,586
4717,621
4718,768
4719,794
4720,623
4721,682
4722,406
4723,155
4724,18
4725,0
4726,0
4727,0
4728,0
4729,0
4730,0
4731,0
4732,0
4733,0
4734,0
4735,178
4736,374
4737,504
4738,743
4739,667
4740,680
4741,828
4742,856
4743,647
4744,637
4745,468
4746,319
4747,150
4748,28
4749,0
4750,0
4751,0
4752,0
4753,0
4754,0
4755,0
4756,0
4757,0
4758,0
4759,213
4760,406
4761,498
4762,739
4763,633
4764,630
4765,781
4766,622
4767,644
4768,581
4769,482
4770,328
4771,148
4772,28
4773,0
4774,0
4775,0
4776,0
4777,0
4778,0
4779,0
4780,0
4781,0
4782,0
4783,211
4784,305
4785,361
4786,307
4787,287
4788,354
4789,322
4790,300
4791,295
4792,265
4793,234
4794,189
4795,70
4796,26
4797,0
4798,0
4799,0
4800,0
4801,0
4802,0
4803,0
4804,0
4805,0
4806,0
4807,200
4808,352
4809,471
4810,617
4811,735
4812,593
4813,641
4814,849
4815,738
4816,655
4817,510
4818,331
4819,146
4820,20
4821,0
4822,0
4823,0
4824,0
4825,0
4826,0
4827,0
4828,0
4829,0
4830,0
4831,198
4832,355
4833,459
4834,712
4835,610
4836,567
4837,661
4838,761
4839,570
4840,553
4841,380
4842,230
4843,67
4844,18
4845,0
4846,0
4847,0
4848,0
4849,0
4850,0
4851,0
4852,0
4853,0
4854,0
4855,201
4856,336
4857,497
4858,658
4859,713
4860,760
4861,754
4862,571
4863,515
4864,493
4865,345
4866,203
4867,58
4868,20
4869,0
4870,0
4871,0
4872,0
4873,0
4874,0
4875,0
4876,0
4877,0
4878,0
4879,203
4880,435
4881,555
4882,737
4883,761
4884,773
4885,765
4886,518
4887,485
4888,402
4889,322
4890,183
4891,103
4892,28
4893,0
4894,0
4895,0
4896,0
4897,0
4898,0
4899,0
4900,0
4901,0
4902,0
4903,41
4904,165
4905,265
4906,395
4907,323
4908,270
4909,301
4910,239
4911,213
4912,234
4913,167
4914,162
4915,254
4916,461
4917,466
4918,0
4919,0
4920,0
4921,0
4922,0
4923,0
4924,0
4925,0
4926,0
4927,35
4928,193
4929,288
4930,295
4931,487
4932,323
4933,232
4934,168
4935,238
4936,380
4937,295
4938,203
4939,64
4940,0
4941,0
4942,0
4943,0
4944,0
4945,0
4946,0
4947,0
4948,0
4949,0
4950,0
4951,35
4952,112
4953,260
4954,353
4955,300
4956,232
4957,438
4958,229
4959,155
4960,336
4961,212
4962,159
4963,69
4964,0
4965,0
4966,0
4967,0
4968,0
4969,0
4970,0
4971,0
4972,0
4973,0
4974,0
4975,33
4976,202
4977,298
4978,525
4979,517
4980,375
4981,342
4982,418
4983,422
4984,416
4985,265
4986,81
4987,150
4988,19
4989,11
4990,0
4991,0
4992,0
4993,0
4994,0
4995,0
4996,0
4997,0
4998,0
4999,35
5000,205
5001,328
5002,471
5003,764
5004,955
5005,977
5006,961
5007,898
5008,642
5009,376
5010,221
5011,46
5012,0
5013,0
5014,0
5015,0
5016,0
5017,0
5018,0
5019,0
5020,0
5021,0
5022,0
5023,35
5024,180
5025,365
5026,315
5027,650
5028,468
5029,503
5030,525
5031,504
5032,402
5033,163
5034,125
5035,41
5036,42
5037,53
5038,0
5039,0
5040,0
5041,0
5042,0
5043,0
5044,0
5045,0
5046,2
5047,36
5048,220
5049,262
5050,412
5051,533
5052,412
5053,441
5054,464
5055,518
5056,465
5057,256
5058,167
5059,38
5060,1
5061,0
5062,0
5063,0
5064,0
5065,0
5066,0
5067,0
5068,0
5069,0
5070,290
5071,44
5072,211
5073,404
5074,562
5075,704
5076,686
5077,701
5078,661
5079,711
5080,449
5081,279
5082,182
5083,44
5084,0
5085,0
5086,0
5087,0
5088,0
5089,0
5090,0
5091,0
5092,0
5093,0
5094,8
5095,43
5096,224
5097,447
5098,579
5099,727
5100,925
5101,921
5102,883
5103,925
5104,527
5105,227
5106,156
5107,55
5108,0
5109,0
5110,0
5111,0
5112,0
5113,0
5114,0
5115,0
5116,0
5117,0
5118,670
5119,584
5120,347
5121,426
5122,573
5123,553
5124,585
5125,611
5126,710
5127,590
5128,494
5129,269
5130,192
5131,43
5132,0
5133,0
5134,0
5135,0
5136,0
5137,0
5138,0
5139,0
5140,0
5141,0
5142,0
5143,36
5144,185
5145,372
5146,463
5147,521
5148,460
5149,706
5150,712
5151,557
5152,534
5153,229
5154,157
5155,56
5156,100
5157,29
5158,0
5159,0
5160,0
5161,0
5162,0
5163,0
5164,0
5165,0
5166,0
5167,37
5168,203
5169,298
5170,381
5171,528
5172,461
5173,516
5174,664
5175,618
5176,533
5177,311
5178,230
5179,291
5180,282
5181,286
5182,0
5183,0
5184,0
5185,0
5186,0
5187,0
5188,0
5189,0
5190,0
5191,125
5192,282
5193,547
5194,694
5195,795
5196,859
5197,863
5198,896
5199,712
5200,616
5201,531
5202,280
5203,101
5204,5
5205,0
5206,0
5207,0
5208,0
5209,0
5210,0
5211,0
5212,0
5213,0
5214,0
5215,82
5216,168
5217,391
5218,579
5219,537
5220,528
5221,601
5222,564
5223,557
5224,542
5225,431
5226,355
5227,153
5228,5
5229,0
5230,0
5231,0
5232,0
5233,0
5234,0
5235,0
5236,0
5237,0
5238,0
5239,129
5240,242
5241,377
5242,628
5243,807
5244,821
5245,947
5246,853
5247,659
5248,624
5249,528
5250,295
5251,122
5252,6
5253,0
5254,0
5255,0
5256,0
5257,0
5258,0
5259,0
5260,0
5261,0
5262,0
5263,80
5264,211
5265,381
5266,611
5267,800
5268,941
5269,974
5270,997
5271,883
5272,660
5273,509
5274,298
5275,136
5276,6
5277,0
5278,0
5279,0
5280,0
5281,0
5282,0
5283,0
5284,0
5285,0
5286,0
5287,78
5288,205
5289,348
5290,622
5291,792
5292,942
5293,914
5294,925
5295,827
5296,681
5297,398
5298,211
5299,147
5300,4
5301,0
5302,0
5303,0
5304,0
5305,0
5306,0
5307,0
5308,0
5309,0
5310,0
5311,80
5312,257
5313,447
5314,742
5315,874
5316,975
5317,979
5318,955
5319,907
5320,657
5321,516
5322,293
5323,165
5324,5
5325,0
5326,0
5327,0
5328,0
5329,0
5330,0
5331,0
5332,0
5333,0
5334,0
5335,119
5336,255
5337,416
5338,741
5339,797
5340,813
5341,874
5342,892
5343,654
5344,525
5345,381
5346,201
5347,94
5348,8
5349,0
5350,0
5351,0
5352,0
5353,0
5354,0
5355,0
5356,0
5357,0
5358,0
5359,48
5360,135
5361,367
5362,412
5363,410
5364,422
5365,560
5366,572
5367,503
5368,451
5369,411
5370,322
5371,117
5372,6
5373,0
5374,0
5375,0
5376,0
5377,0
5378,0
5379,0
5380,0
5381,0
5382,0
5383,78
5384,235
5385,272
5386,466
5387,573
5388,513
5389,501
5390,650
5391,611
5392,489
5393,432
5394,230
5395,139
5396,6
5397,0
5398,0
5399,0
5400,0
5401,0
5402,0
5403,0
5404,0
5405,0
5406,0
5407,126
5408,285
5409,573
5410,757
5411,900
5412,983
5413,977
5414,1007
5415,919
5416,737
5417,549
5418,265
5419,170
5420,5
5421,0
5422,0
5423,0
5424,0
5425,0
5426,0
5427,0
5428,0
5429,0
5430,0
5431,124
5432,295
5433,534
5434,810
5435,927
5436,952
5437,992
5438,993
5439,915
5440,770
5441,568
5442,318
5443,168
5444,4
5445,0
5446,0
5447,0
5448,0
5449,0
5450,0
5451,0
5452,0
5453,0
5454,0
5455,109
5456,298
5457,542
5458,722
5459,880
5460,971
5461,923
5462,987
5463,839
5464,623
5465,530
5466,316
5467,123
5468,8
5469,0
5470,0
5471,0
5472,0
5473,0
5474,0
5475,0
5476,0
5477,0
5478,0
5479,63
5480,180
5481,326
5482,400
5483,569
5484,619
5485,632
5486,633
5487,546
5488,362
5489,329
5490,266
5491,80
5492,2
5493,0
5494,0
5495,0
5496,0
5497,0
5498,0
5499,0
5500,0
5501,0
5502,0
5503,49
5504,247
5505,523
5506,495
5507,582
5508,493
5509,449
5510,502
5511,388
5512,373
5513,284
5514,110
5515,60
5516,29
5517,0
5518,0
5519,0
5520,0
5521,0
5522,0
5523,0
5524,0
5525,0
5526,0
5527,88
5528,173
5529,296
5530,426
5531,323
5532,336
5533,319
5534,336
5535,301
5536,349
5537,377
5538,224
5539,75
5540,16
5541,0
5542,0
5543,0
5544,0
5545,0
5546,0
5547,0
5548,0
5549,0
5550,0
5551,60
5552,147
5553,292
5554,353
5555,367
5556,470
5557,384
5558,365
5559,297
5560,398
5561,321
5562,133
5563,46
5564,17
5565,0
5566,0
5567,0
5568,0
5569,0
5570,0
5571,0
5572,0
5573,0
5574,0
5575,67
5576,197
5577,365
5578,397
5579,338
5580,365
5581,348
5582,339
5583,401
5584,351
5585,413
5586,268
5587,94
5588,14
5589,0
5590,0
5591,0
5592,0
5593,0
5594,0
5595,0
5596,0
5597,0
5598,0
5599,63
5600,192
5601,338
5602,397
5603,516
5604,395
5605,484
5606,506
5607,425
5608,403
5609,322
5610,169
5611,51
5612,13
5613,0
5614,0
5615,0
5616,0
5617,0
5618,0
5619,0
5620,0
5621,0
5622,0
5623,75
5624,172
5625,321
5626,350
5627,271
5628,290
5629,358
5630,364
5631,259
5632,520
5633,269
5634,263
5635,107
5636,17
5637,0
5638,0
5639,0
5640,0
5641,0
5642,0
5643,0
5644,0
5645,0
5646,0
5647,97
5648,255
5649,447
5650,574
5651,717
5652,751
5653,753
5654,730
5655,611
5656,597
5657,438
5658,315
5659,111
5660,7
5661,0
5662,0
5663,0
5664,0
5665,0
5666,0
5667,0
5668,0
5669,0
5670,0
5671,64
5672,177
5673,332
5674,318
5675,360
5676,419
5677,410
5678,400
5679,385
5680,381
5681,341
5682,209
5683,38
5684,14
5685,0
5686,0
5687,0
5688,0
5689,0
5690,0
5691,0
5692,0
5693,0
5694,0
5695,84
5696,209
5697,374
5698,376
5699,442
5700,452
5701,398
5702,376
5703,345
5704,373
5705,330
5706,144
5707,45
5708,17
5709,0
5710,0
5711,0
5712,0
5713,0
5714,0
5715,0
5716,0
5717,0
5718,0
5719,34
5720,171
5721,450
5722,424
5723,515
5724,542
5725,511
5726,543
5727,519
5728,554
5729,480
5730,209
5731,68
5732,27
5733,0
5734,0
5735,0
5736,0
5737,0
5738,0
5739,0
5740,0
5741,0
5742,0
5743,42
5744,173
5745,458
5746,432
5747,556
5748,569
5749,598
5750,596
5751,539
5752,535
5753,449
5754,158
5755,78
5756,29
5757,0
5758,0
5759,0
5760,0
5761,0
5762,0
5763,0
5764,0
5765,0
5766,0
5767,0
5768,199
5769,259
5770,498
5771,725
5772,766
5773,613
5774,680
5775,715
5776,581
5777,462
5778,185
5779,56
5780,0
5781,0
5782,0
5783,0
5784,0
5785,0
5786,0
5787,0
5788,0
5789,0
5790,0
5791,0
5792,155
5793,212
5794,402
5795,534
5796,583
5797,491
5798,637
5799,513
5800,287
5801,272
5802,171
5803,68
5804,0
5805,0
5806,0
5807,0
5808,0
5809,0
5810,0
5811,0
5812,0
5813,0
5814,0
5815,0
5816,161
5817,271
5818,370
5819,410
5820,676
5821,583
5822,544
5823,631
5824,431
5825,409
5826,202
5827,61
5828,0
5829,0
5830,0
5831,0
5832,0
5833,0
5834,0
5835,0
5836,0
5837,0
5838,0
5839,0
5840,115
5841,140
5842,395
5843,430
5844,578
5845,514
5846,560
5847,428
5848,308
5849,334
5850,161
5851,42
5852,0
5853,0
5854,0
5855,0
5856,0
5857,0
5858,0
5859,0
5860,0
5861,0
5862,0
5863,0
5864,156
5865,202
5866,375
5867,406
5868,540
5869,515
5870,571
5871,649
5872,427
5873,343
5874,168
5875,59
5876,0
5877,0
5878,0
5879,0
5880,0
5881,0
5882,0
5883,0
5884,0
5885,0
5886,0
5887,0
5888,169
5889,237
5890,383
5891,510
5892,482
5893,470
5894,519
5895,543
5896,339
5897,335
5898,182
5899,47
5900,0
5901,0
5902,0
5903,0
5904,0
5905,0
5906,0
5907,0
5908,0
5909,0
5910,0
5911,0
5912,146
5913,170
5914,301
5915,552
5916,662
5917,571
5918,553
5919,546
5920,321
5921,306
5922,143
5923,60
5924,0
5925,0
5926,0
5927,0
5928,0
5929,0
5930,0
5931,0
5932,0
5933,0
5934,0
5935,0
5936,142
5937,318
5938,368
5939,709
5940,844
5941,620
5942,719
5943,764
5944,601
5945,508
5946,210
5947,72
5948,0
5949,0
5950,0
5951,0
5952,0
5953,0
5954,0
5955,0
5956,0
5957,0
5958,0
5959,0
5960,141
5961,203
5962,305
5963,468
5964,537
5965,496
5966,581
5967,447
5968,319
5969,376
5970,142
5971,54
5972,0
5973,0
5974,0
5975,0
5976,0
5977,0
5978,0
5979,0
5980,0
5981,0
5982,0
5983,0
5984,204
5985,237
5986,494
5987,573
5988,753
5989,568
5990,783
5991,760
5992,520
5993,432
5994,341
5995,98
5996,0
5997,0
5998,0
5999,0
6000,0
6001,0
6002,0
6003,0
6004,0
6005,0
6006,0
6007,0
6008,236
6009,323
6010,630
6011,957
6012,960
6013,755
6014,796
6015,864
6016,705
6017,554
6018,347
6019,92
6020,0
6021,0
6022,0
6023,0
6024,0
6025,0
6026,0
6027,0
6028,0
6029,0
6030,0
6031,0
6032,257
6033,354
6034,639
6035,950
6036,952
6037,758
6038,793
6039,870
6040,718
6041,565
6042,357
6043,96
6044,0
6045,0
6046,0
6047,0
6048,0
6049,0
6050,0
6051,0
6052,0
6053,0
6054,0
6055,0
6056,161
6057,217
6058,346
6059,395
6060,403
6061,400
6062,380
6063,355
6064,266
6065,262
6066,130
6067,69
6068,0
6069,0
6070,0
6071,0
6072,0
6073,0
6074,0
6075,0
6076,0
6077,0
6078,0
6079,0
6080,184
6081,225
6082,352
6083,406
6084,465
6085,488
6086,579
6087,474
6088,279
6089,258
6090,95
6091,57
6092,0
6093,0
6094,0
6095,0
6096,0
6097,0
6098,0
6099,0
6100,0
6101,0
6102,0
6103,0
6104,202
6105,298
6106,316
6107,376
6108,436
6109,429
6110,436
6111,355
6112,270
6113,288
6114,218
6115,101
6116,0
6117,0
6118,0
6119,0
6120,0
6121,0
6122,0
6123,0
6124,0
6125,0
6126,0
6127,0
6128,219
6129,430
6130,615
6131,817
6132,912
6133,909
6134,912
6135,889
6136,602
6137,533
6138,224
6139,110
6140,0
6141,0
6142,0
6143,0
6144,0
6145,0
6146,0
6147,0
6148,0
6149,0
6150,0
6151,0
6152,205
6153,348
6154,688
6155,778
6156,659
6157,872
6158,900
6159,874
6160,410
6161,344
6162,99
6163,95
6164,0
6165,0
6166,0
6167,0
6168,0
6169,0
6170,0
6171,0
6172,0
6173,0
6174,0
6175,0
6176,193
6177,346
6178,573
6179,831
6180,803
6181,589
6182,838
6183,834
6184,392
6185,341
6186,70
6187,99
6188,0
6189,0
6190,0
6191,0
6192,0
6193,0
6194,0
6195,0
6196,0
6197,0
6198,0
6199,0
6200,179
6201,326
6202,578
6203,802
6204,843
6205,873
6206,819
6207,856
6208,404
6209,266
6210,99
6211,72
6212,0
6213,0
6214,0
6215,0
6216,0
6217,0
6218,0
6219,0
6220,0
6221,0
6222,0
6223,0
6224,216
6225,424
6226,613
6227,869
6228,908
6229,894
6230,912
6231,887
6232,587
6233,519
6234,223
6235,110
6236,0
6237,0
6238,0
6239,0
6240,0
6241,0
6242,0
6243,0
6244,0
6245,0
6246,0
6247,0
6248,214
6249,412
6250,636
6251,851
6252,887
6253,885
6254,822
6255,862
6256,543
6257,498
6258,234
6259,43
6260,0
6261,0
6262,0
6263,0
6264,0
6265,0
6266,0
6267,0
6268,0
6269,0
6270,0
6271,0
6272,208
6273,416
6274,662
6275,789
6276,778
6277,846
6278,808
6279,852
6280,558
6281,499
6282,228
6283,110
6284,0
6285,0
6286,0
6287,0
6288,0
6289,0
6290,0
6291,0
6292,0
6293,0
6294,0
6295,0
6296,218
6297,449
6298,629
6299,850
6300,822
6301,870
6302,846
6303,848
6304,418
6305,432
6306,241
6307,108
6308,0
6309,0
6310,0
6311,0
6312,0
6313,0
6314,0
6315,0
6316,0
6317,0
6318,0
6319,0
6320,234
6321,456
6322,668
6323,817
6324,891
6325,874
6326,869
6327,849
6328,548
6329,402
6330,233
6331,66
6332,0
6333,0
6334,0
6335,0
6336,0
6337,0
6338,0
6339,0
6340,0
6341,0
6342,0
6343,322
6344,372
6345,522
6346,290
6347,383
6348,344
6349,232
6350,220
6351,225
6352,65
6353,27
6354,24
6355,0
6356,0
6357,0
6358,0
6359,0
6360,0
6361,0
6362,0
6363,0
6364,0
6365,0
6366,0
6367,311
6368,285
6369,347
6370,259
6371,315
6372,243
6373,232
6374,261
6375,353
6376,251
6377,178
6378,131
6379,0
6380,0
6381,0
6382,0
6383,0
6384,0
6385,0
6386,0
6387,0
6388,0
6389,0
6390,0
6391,798
6392,609
6393,403
6394,303
6395,291
6396,312
6397,236
6398,272
6399,225
6400,224
6401,193
6402,188
6403,0
6404,0
6405,0
6406,0
6407,0
6408,0
6409,0
6410,0
6411,0
6412,0
6413,0
6414,0
6415,765
6416,750
6417,421
6418,290
6419,357
6420,323
6421,163
6422,240
6423,224
6424,232
6425,206
6426,189
6427,0
6428,0
6429,0
6430,0
6431,0
6432,0
6433,0
6434,0
6435,0
6436,0
6437,0
6438,0
6439,435
6440,468
6441,277
6442,302
6443,398
6444,412
6445,158
6446,234
6447,220
6448,212
6449,176
6450,172
6451,0
6452,0
6453,0
6454,0
6455,0
6456,0
6457,0
6458,0
6459,0
6460,0
6461,0
6462,0
6463,396
6464,203
6465,240
6466,265
6467,276
6468,210
6469,97
6470,249
6471,304
6472,293
6473,251
6474,174
6475,0
6476,0
6477,0
6478,0
6479,0
6480,0
6481,0
6482,0
6483,0
6484,0
6485,0
6486,0
6487,616
6488,516
6489,564
6490,252
6491,251
6492,220
6493,91
6494,229
6495,231
6496,224
6497,221
6498,305
6499,0
6500,0
6501,0
6502,0
6503,0
6504,0
6505,0
6506,0
6507,0
6508,0
6509,0
6510,0
6511,337
6512,291
6513,339
6514,366
6515,314
6516,259
6517,124
6518,222
6519,302
6520,228
6521,185
6522,172
6523,0
6524,0
6525,0
6526,0
6527,0
6528,0
6529,0
6530,0
6531,0
6532,0
6533,0
6534,0
6535,256
6536,527
6537,566
6538,251
6539,241
6540,100
6541,91
6542,221
6543,230
6544,81
6545,53
6546,49
6547,0
6548,0
6549,0
6550,0
6551,0
6552,0
6553,0
6554,0
6555,0
6556,0
6557,0
6558,0
6559,438
6560,453
6561,364
6562,259
6563,315
6564,276
6565,78
6566,195
6567,221
6568,65
6569,27
6570,23
6571,0
6572,0
6573,0
6574,0
6575,0
6576,0
6577,0
6578,0
6579,0
6580,0
6581,0
6582,0
6583,628
6584,326
6585,519
6586,316
6587,299
6588,300
6589,78
6590,226
6591,225
6592,214
6593,173
6594,163
6595,0
6596,0
6597,0
6598,0
6599,0
6600,0
6601,0
6602,0
6603,0
6604,0
6605,0
6606,0
6607,315
6608,437
6609,267
6610,356
6611,278
6612,191
6613,78
6614,75
6615,74
6616,65
6617,27
6618,31
6619,0
6620,0
6621,0
6622,0
6623,0
6624,0
6625,0
6626,0
6627,0
6628,0
6629,0
6630,0
6631,84
6632,242
6633,396
6634,560
6635,705
6636,752
6637,771
6638,781
6639,681
6640,591
6641,421
6642,251
6643,115
6644,16
6645,0
6646,0
6647,0
6648,0
6649,0
6650,0
6651,0
6652,0
6653,0
6654,0
6655,86
6656,204
6657,217
6658,274
6659,290
6660,321
6661,317
6662,337
6663,327
6664,293
6665,276
6666,196
6667,92
6668,2
6669,0
6670,0
6671,0
6672,0
6673,0
6674,0
6675,0
6676,0
6677,0
6678,0
6679,98
6680,326
6681,347
6682,354
6683,261
6684,147
6685,145
6686,147
6687,278
6688,309
6689,281
6690,178
6691,111
6692,25
6693,0
6694,0
6695,0
6696,0
6697,0
6698,0
6699,0
6700,0
6701,0
6702,0
6703,81
6704,185
6705,248
6706,299
6707,328
6708,333
6709,340
6710,340
6711,345
6712,294
6713,282
6714,188
6715,106
6716,2
6717,0
6718,0
6719,0
6720,0
6721,0
6722,0
6723,0
6724,0
6725,0
6726,0
6727,81
6728,186
6729,251
6730,317
6731,328
6732,336
6733,304
6734,290
6735,326
6736,291
6737,290
6738,167
6739,118
6740,14
6741,0
6742,0
6743,0
6744,0
6745,0
6746,0
6747,0
6748,0
6749,0
6750,0
6751,86
6752,188
6753,246
6754,309
6755,309
6756,309
6757,319
6758,330
6759,324
6760,312
6761,282
6762,179
6763,75
6764,19
6765,0
6766,0
6767,0
6768,0
6769,0
6770,0
6771,0
6772,0
6773,0
6774,0
6775,60
6776,85
6777,130
6778,168
6779,299
6780,289
6781,322
6782,316
6783,316
6784,325
6785,303
6786,179
6787,57
6788,2
6789,0
6790,0
6791,0
6792,0
6793,0
6794,0
6795,0
6796,0
6797,0
6798,0
6799,95
6800,141
6801,267
6802,277
6803,199
6804,165
6805,209
6806,194
6807,150
6808,110
6809,121
6810,186
6811,81
6812,14
6813,0
6814,0
6815,0
6816,0
6817,0
6818,0
6819,0
6820,0
6821,0
6822,0
6823,92
6824,141
6825,201
6826,365
6827,343
6828,351
6829,375
6830,367
6831,399
6832,385
6833,372
6834,224
6835,86
6836,8
6837,0
6838,0
6839,0
6840,0
6841,0
6842,0
6843,0
6844,0
6845,0
6846,0
6847,64
6848,103
6849,119
6850,257
6851,252
6852,282
6853,290
6854,267
6855,304
6856,301
6857,309
6858,219
6859,68
6860,5
6861,0
6862,0
6863,0
6864,0
6865,0
6866,0
6867,0
6868,0
6869,0
6870,0
6871,60
6872,96
6873,150
6874,317
6875,243
6876,251
6877,268
6878,290
6879,279
6880,291
6881,280
6882,224
6883,84
6884,6
6885,0
6886,0
6887,0
6888,0
6889,0
6890,0
6891,0
6892,0
6893,0
6894,0
6895,76
6896,96
6897,149
6898,305
6899,252
6900,267
6901,251
6902,231
6903,244
6904,316
6905,291
6906,220
6907,77
6908,6
6909,0
6910,0
6911,0
6912,0
6913,0
6914,0
6915,0
6916,0
6917,0
6918,0
6919,118
6920,324
6921,530
6922,708
6923,918
6924,951
6925,961
6926,958
6927,903
6928,859
6929,665
6930,262
6931,165
6932,21
6933,119
6934,0
6935,0
6936,0
6937,0
6938,0
6939,0
6940,0
6941,0
6942,0
6943,126
6944,329
6945,492
6946,705
6947,874
6948,984
6949,988
6950,965
6951,822
6952,714
6953,514
6954,236
6955,50
6956,4
6957,2
6958,0
6959,0
6960,0
6961,0
6962,0
6963,0
6964,0
6965,0
6966,0
6967,126
6968,326
6969,470
6970,676
6971,816
6972,962
6973,964
6974,960
6975,895
6976,664
6977,506
6978,202
6979,155
6980,19
6981,104
6982,0
6983,0
6984,0
6985,0
6986,0
6987,0
6988,0
6989,0
6990,0
6991,128
6992,335
6993,465
6994,644
6995,850
6996,963
6997,988
6998,978
6999,938
7000,692
7001,608
7002,261
7003,147
7004,20
7005,25
7006,0
7007,0
7008,0
7009,0
7010,0
7011,0
7012,0
7013,0
7014,0
7015,127
7016,326
7017,692
7018,876
7019,957
7020,993
7021,981
7022,978
7023,942
7024,939
7025,663
7026,226
7027,119
7028,8
7029,3
7030,0
7031,0
7032,0
7033,0
7034,0
7035,0
7036,0
7037,0
7038,0
7039,126
7040,289
7041,566
7042,712
7043,873
7044,963
7045,917
7046,888
7047,839
7048,702
7049,404
7050,234
7051,134
7052,4
7053,2
7054,0
7055,0
7056,0
7057,0
7058,0
7059,0
7060,0
7061,0
7062,0
7063,26
7064,92
7065,115
7066,177
7067,316
7068,392
7069,336
7070,478
7071,423
7072,372
7073,372
7074,130
7075,50
7076,3
7077,2
7078,0
7079,0
7080,0
7081,0
7082,0
7083,0
7084,0
7085,0
7086,0
7087,112
7088,308
7089,501
7090,602
7091,665
7092,856
7093,920
7094,927
7095,835
7096,655
7097,557
7098,263
7099,159
7100,10
7101,12
7102,0
7103,0
7104,0
7105,0
7106,0
7107,0
7108,0
7109,0
7110,0
7111,123
7112,321
7113,485
7114,737
7115,855
7116,977
7117,973
7118,807
7119,965
7120,1064
7121,873
7122,379
7123,118
7124,62
7125,22
7126,0
7127,0
7128,0
7129,0
7130,0
7131,0
7132,0
7133,0
7134,0
7135,118
7136,364
7137,707
7138,933
7139,973
7140,930
7141,973
7142,1014
7143,1033
7144,1066
7145,840
7146,303
7147,143
7148,31
7149,24
7150,0
7151,0
7152,0
7153,0
7154,0
7155,0
7156,0
7157,0
7158,0
7159,119
7160,335
7161,697
7162,910
7163,962
7164,990
7165,956
7166,984
7167,938
7168,861
7169,402
7170,215
7171,127
7172,3
7173,3
7174,0
7175,0
7176,0
7177,0
7178,0
7179,0
7180,0
7181,0
7182,0
7183,19
7184,84
7185,94
7186,159
7187,333
7188,454
7189,442
7190,371
7191,434
7192,414
7193,412
7194,287
7195,142
7196,4
7197,7
7198,0
7199,0
7200,0
7201,0
7202,0
7203,0
7204,0
7205,0
7206,0
7207,124
7208,327
7209,528
7210,656
7211,846
7212,900
7213,919
7214,917
7215,801
7216,707
7217,512
7218,354
7219,151
7220,2
7221,0
7222,0
7223,0
7224,0
7225,0
7226,0
7227,0
7228,0
7229,0
7230,0
7231,106
7232,296
7233,485
7234,556
7235,614
7236,626
7237,580
7238,577
7239,581
7240,625
7241,534
7242,230
7243,33
7244,16
7245,0
7246,0
7247,0
7248,0
7249,0
7250,0
7251,0
7252,0
7253,0
7254,0
7255,48
7256,107
7257,142
7258,167
7259,536
7260,632
7261,645
7262,649
7263,650
7264,466
7265,517
7266,334
7267,163
7268,10
7269,0
7270,0
7271,0
7272,0
7273,0
7274,0
7275,0
7276,0
7277,0
7278,0
7279,82
7280,262
7281,418
7282,459
7283,695
7284,706
7285,759
7286,823
7287,687
7288,530
7289,635
7290,355
7291,154
7292,6
7293,0
7294,0
7295,0
7296,0
7297,0
7298,0
7299,0
7300,0
7301,0
7302,0
7303,96
7304,312
7305,490
7306,604
7307,689
7308,745
7309,914
7310,931
7311,840
7312,679
7313,437
7314,319
7315,138
7316,4
7317,0
7318,0
7319,0
7320,0
7321,0
7322,0
7323,0
7324,0
7325,0
7326,0
7327,104
7328,325
7329,518
7330,678
7331,821
7332,903
7333,922
7334,937
7335,850
7336,709
7337,563
7338,369
7339,142
7340,3
7341,0
7342,0
7343,0
7344,0
7345,0
7346,0
7347,0
7348,0
7349,0
7350,0
7351,105
7352,329
7353,520
7354,623
7355,650
7356,909
7357,922
7358,867
7359,789
7360,652
7361,538
7362,339
7363,32
7364,5
7365,0
7366,0
7367,0
7368,0
7369,0
7370,0
7371,0
7372,0
7373,0
7374,0
7375,52
7376,131
7377,181
7378,231
7379,261
7380,279
7381,282
7382,305
7383,433
7384,368
7385,516
7386,396
7387,165
7388,9
7389,0
7390,0
7391,0
7392,0
7393,0
7394,0
7395,0
7396,0
7397,0
7398,0
7399,110
7400,326
7401,510
7402,615
7403,660
7404,694
7405,959
7406,892
7407,782
7408,467
7409,508
7410,309
7411,133
7412,3
7413,0
7414,0
7415,0
7416,0
7417,0
7418,0
7419,0
7420,0
7421,0
7422,0
7423,106
7424,284
7425,484
7426,585
7427,812
7428,832
7429,833
7430,921
7431,873
7432,658
7433,501
7434,367
7435,151
7436,5
7437,0
7438,0
7439,0
7440,0
7441,0
7442,0
7443,0
7444,0
7445,0
7446,0
7447,109
7448,233
7449,343
7450,522
7451,787
7452,809
7453,820
7454,881
7455,839
7456,667
7457,595
7458,377
7459,146
7460,5
7461,0
7462,0
7463,0
7464,0
7465,0
7466,0
7467,0
7468,0
7469,0
7470,0
7471,73
7472,295
7473,438
7474,587
7475,829
7476,771
7477,821
7478,918
7479,869
7480,674
7481,571
7482,319
7483,165
7484,5
7485,0
7486,0
7487,0
7488,0
7489,0
7490,0
7491,0
7492,0
7493,0
7494,0
7495,112
7496,205
7497,344
7498,587
7499,663
7500,688
7501,697
7502,699
7503,738
7504,618
7505,492
7506,282
7507,100
7508,24
7509,0
7510,0
7511,0
7512,0
7513,0
7514,0
7515,0
7516,0
7517,0
7518,0
7519,135
7520,148
7521,213
7522,395
7523,554
7524,589
7525,620
7526,562
7527,621
7528,396
7529,275
7530,325
7531,35
7532,23
7533,0
7534,0
7535,0
7536,0
7537,0
7538,0
7539,0
7540,0
7541,0
7542,0
7543,61
7544,87
7545,107
7546,249
7547,249
7548,272
7549,275
7550,272
7551,288
7552,264
7553,257
7554,191
7555,83
7556,20
7557,0
7558,0
7559,0
7560,0
7561,0
7562,0
7563,0
7564,0
7565,0
7566,0
7567,134
7568,215
7569,259
7570,519
7571,663
7572,715
7573,640
7574,634
7575,648
7576,518
7577,514
7578,296
7579,127
7580,23
7581,0
7582,0
7583,0
7584,0
7585,0
7586,0
7587,0
7588,0
7589,0
7590,0
7591,117
7592,166
7593,225
7594,213
7595,459
7596,587
7597,553
7598,372
7599,380
7600,426
7601,385
7602,196
7603,26
7604,21
7605,0
7606,0
7607,0
7608,0
7609,0
7610,0
7611,0
7612,0
7613,0
7614,0
7615,76
7616,137
7617,200
7618,387
7619,485
7620,388
7621,592
7622,595
7623,564
7624,388
7625,370
7626,301
7627,80
7628,25
7629,0
7630,0
7631,0
7632,0
7633,0
7634,0
7635,0
7636,0
7637,0
7638,0
7639,60
7640,102
7641,158
7642,193
7643,424
7644,342
7645,521
7646,223
7647,289
7648,347
7649,378
7650,314
7651,36
7652,33
7653,0
7654,0
7655,0
7656,0
7657,0
7658,0
7659,0
7660,0
7661,0
7662,0
7663,122
7664,162
7665,172
7666,223
7667,311
7668,300
7669,281
7670,280
7671,285
7672,252
7673,254
7674,209
7675,98
7676,24
7677,0
7678,0
7679,0
7680,0
7681,0
7682,0
7683,0
7684,0
7685,0
7686,0
7687,128
7688,176
7689,200
7690,281
7691,277
7692,298
7693,287
7694,438
7695,377
7696,371
7697,365
7698,276
7699,94
7700,21
7701,0
7702,0
7703,0
7704,0
7705,0
7706,0
7707,0
7708,0
7709,0
7710,0
7711,85
7712,164
7713,232
7714,277
7715,404
7716,315
7717,458
7718,416
7719,383
7720,316
7721,287
7722,231
7723,36
7724,19
7725,0
7726,0
7727,0
7728,0
7729,0
7730,0
7731,0
7732,0
7733,0
7734,0
7735,60
7736,82
7737,88
7738,148
7739,281
7740,219
7741,258
7742,229
7743,234
7744,307
7745,315
7746,307
7747,93
7748,23
7749,0
7750,0
7751,0
7752,0
7753,0
7754,0
7755,0
7756,0
7757,0
7758,0
7759,147
7760,205
7761,217
7762,283
7763,297
7764,343
7765,290
7766,293
7767,292
7768,256
7769,253
7770,253
7771,99
7772,28
7773,0
7774,0
7775,0
7776,0
7777,0
7778,0
7779,0
7780,0
7781,0
7782,0
7783,0
7784,94
7785,91
7786,210
7787,211
7788,176
7789,244
7790,153
7791,155
7792,176
7793,169
7794,90
7795,43
7796,0
7797,0
7798,0
7799,0
7800,0
7801,0
7802,0
7803,0
7804,0
7805,0
7806,0
7807,0
7808,98
7809,84
7810,113
7811,215
7812,231
7813,272
7814,281
7815,284
7816,234
7817,221
7818,152
7819,63
7820,0
7821,0
7822,0
7823,0
7824,0
7825,0
7826,0
7827,0
7828,0
7829,0
7830,0
7831,0
7832,97
7833,85
7834,198
7835,192
7836,145
7837,131
7838,131
7839,241
7840,166
7841,153
7842,125
7843,75
7844,0
7845,0
7846,0
7847,0
7848,0
7849,0
7850,0
7851,0
7852,0
7853,0
7854,0
7855,0
7856,231
7857,433
7858,417
7859,377
7860,363
7861,364
7862,315
7863,325
7864,254
7865,256
7866,119
7867,45
7868,0
7869,0
7870,0
7871,0
7872,0
7873,0
7874,0
7875,0
7876,0
7877,0
7878,0
7879,0
7880,178
7881,381
7882,440
7883,733
7884,953
7885,901
7886,787
7887,823
7888,582
7889,449
7890,258
7891,68
7892,0
7893,0
7894,0
7895,0
7896,0
7897,0
7898,0
7899,0
7900,0
7901,0
7902,0
7903,0
7904,242
7905,327
7906,607
7907,915
7908,962
7909,832
7910,831
7911,859
7912,658
7913,472
7914,203
7915,55
7916,0
7917,0
7918,0
7919,0
7920,0
7921,0
7922,0
7923,0
7924,0
7925,0
7926,0
7927,0
7928,232
7929,375
7930,583
7931,804
7932,926
7933,844
7934,842
7935,860
7936,658
7937,477
7938,220
7939,58
7940,0
7941,0
7942,0
7943,0
7944,0
7945,0
7946,0
7947,0
7948,0
7949,0
7950,0
7951,0
7952,219
7953,373
7954,560
7955,569
7956,699
7957,814
7958,712
7959,535
7960,602
7961,292
7962,183
7963,41
7964,0
7965,0
7966,0
7967,0
7968,0
7969,0
7970,0
7971,0
7972,0
7973,0
7974,0
7975,0
7976,223
7977,392
7978,523
7979,892
7980,854
7981,835
7982,820
7983,838
7984,580
7985,461
7986,202
7987,43
7988,0
7989,0
7990,0
7991,0
7992,0
7993,0
7994,0
7995,0
7996,0
7997,0
7998,0
7999,0
8000,266
8001,405
8002,539
8003,901
8004,965
8005,831
8006,830
8007,780
8008,608
8009,389
8010,161
8011,31
8012,0
8013,0
8014,0
8015,0
8016,0
8017,0
8018,0
8019,0
8020,0
8021,0
8022,0
8023,0
8024,195
8025,337
8026,535
8027,677
8028,778
8029,658
8030,814
8031,911
8032,631
8033,481
8034,235
8035,58
8036,0
8037,0
8038,0
8039,0
8040,0
8041,0
8042,0
8043,0
8044,0
8045,0
8046,0
8047,0
8048,231
8049,381
8050,586
8051,924
8052,973
8053,961
8054,881
8055,821
8056,575
8057,465
8058,264
8059,101
8060,0
8061,0
8062,0
8063,0
8064,0
8065,0
8066,0
8067,0
8068,0
8069,0
8070,0
8071,0
8072,209
8073,318
8074,409
8075,527
8076,614
8077,570
8078,552
8079,262
8080,202
8081,181
8082,168
8083,59
8084,0
8085,0
8086,0
8087,0
8088,0
8089,0
8090,0
8091,0
8092,0
8093,0
8094,0
8095,0
8096,169
8097,270
8098,471
8099,363
8100,502
8101,480
8102,477
8103,396
8104,314
8105,148
8106,124
8107,83
8108,0
8109,0
8110,0
8111,0
8112,0
8113,0
8114,0
8115,0
8116,0
8117,0
8118,0
8119,0
8120,289
8121,443
8122,430
8123,430
8124,488
8125,442
8126,403
8127,248
8128,251
8129,179
8130,146
8131,81
8132,0
8133,0
8134,0
8135,0
8136,0
8137,0
8138,0
8139,0
8140,0
8141,0
8142,0
8143,0
8144,239
8145,414
8146,460
8147,450
8148,462
8149,503
8150,424
8151,493
8152,314
8153,374
8154,252
8155,87
8156,0
8157,0
8158,0
8159,0
8160,0
8161,0
8162,0
8163,0
8164,0
8165,0
8166,0
8167,0
8168,231
8169,532
8170,431
8171,527
8172,468
8173,575
8174,446
8175,316
8176,328
8177,339
8178,178
8179,81
8180,0
8181,0
8182,0
8183,0
8184,0
8185,0
8186,0
8187,0
8188,0
8189,0
8190,0
8191,0
8192,186
8193,318
8194,405
8195,553
8196,552
8197,558
8198,618
8199,290
8200,218
8201,162
8202,155
8203,79
8204,0
8205,0
8206,0
8207,0
8208,0
8209,0
8210,0
8211,0
8212,0
8213,0
8214,0
8215,0
8216,188
8217,473
8218,380
8219,389
8220,396
8221,403
8222,478
8223,227
8224,408
8225,355
8226,231
8227,111
8228,0
8229,0
8230,0
8231,0
8232,0
8233,0
8234,0
8235,0
8236,0
8237,0
8238,0
8239,0
8240,270
8241,487
8242,496
8243,569
8244,625
8245,698
8246,735
8247,486
8248,310
8249,247
8250,190
8251,97
8252,0
8253,0
8254,0
8255,0
8256,0
8257,0
8258,0
8259,0
8260,0
8261,0
8262,0
8263,0
8264,211
8265,371
8266,418
8267,532
8268,610
8269,500
8270,541
8271,461
8272,523
8273,192
8274,181
8275,83
8276,0
8277,0
8278,0
8279,0
8280,0
8281,0
8282,0
8283,0
8284,0
8285,0
8286,0
8287,0
8288,135
8289,239
8290,488
8291,385
8292,430
8293,401
8294,407
8295,245
8296,268
8297,269
8298,173
8299,110
8300,0
8301,0
8302,0
8303,0
8304,0
8305,0
8306,0
8307,0
8308,0
8309,0
8310,0
8311,0
8312,189
8313,438
8314,375
8315,411
8316,500
8317,534
8318,509
8319,201
8320,395
8321,361
8322,182
8323,86
8324,0
8325,0
8326,0
8327,0
8328,0
8329,0
8330,0
8331,0
8332,0
8333,0
8334,0
8335,0
8336,183
8337,331
8338,412
8339,388
8340,372
8341,361
8342,345
8343,216
8344,217
8345,175
8346,146
8347,66
8348,0
8349,0
8350,0
8351,0
8352,0
8353,0
8354,0
8355,0
8356,0
8357,0
8358,0
8359,0
8360,229
8361,389
8362,495
8363,502
8364,496
8365,467
8366,501
8367,475
8368,462
8369,412
8370,178
8371,74
8372,3
8373,0
8374,0
8375,0
8376,0
8377,0
8378,0
8379,0
8380,0
8381,0
8382,0
8383,0
8384,222
8385,395
8386,510
8387,578
8388,626
8389,631
8390,704
8391,498
8392,478
8393,448
8394,182
8395,76
8396,5
8397,0
8398,0
8399,0
8400,0
8401,0
8402,0
8403,0
8404,0
8405,0
8406,0
8407,0
8408,376
8409,548
8410,636
8411,515
8412,415
8413,457
8414,485
8415,588
8416,589
8417,414
8418,163
8419,66
8420,6
8421,0
8422,0
8423,0
8424,0
8425,0
8426,0
8427,0
8428,0
8429,0
8430,0
8431,0
8432,176
8433,323
8434,452
8435,654
8436,405
8437,443
8438,531
8439,503
8440,455
8441,327
8442,187
8443,61
8444,6
8445,0
8446,0
8447,0
8448,0
8449,0
8450,0
8451,0
8452,0
8453,0
8454,0
8455,0
8456,308
8457,486
8458,480
8459,584
8460,441
8461,344
8462,319
8463,369
8464,399
8465,266
8466,149
8467,55
8468,5
8469,0
8470,0
8471,0
8472,0
8473,0
8474,0
8475,0
8476,0
8477,0
8478,0
8479,0
8480,279
8481,403
8482,646
8483,503
8484,451
8485,478
8486,451
8487,484
8488,547
8489,329
8490,155
8491,70
8492,5
8493,0
8494,0
8495,0
8496,0
8497,0
8498,0
8499,0
8500,0
8501,0
8502,0
8503,0
8504,407
8505,548
8506,596
8507,683
8508,713
8509,705
8510,716
8511,636
8512,534
8513,422
8514,182
8515,80
8516,3
8517,0
8518,0
8519,0
8520,0
8521,0
8522,0
8523,0
8524,0
8525,0
8526,0
8527,0
8528,286
8529,432
8530,479
8531,503
8532,410
8533,328
8534,317
8535,364
8536,388
8537,259
8538,137
8539,62
8540,6
8541,0
8542,0
8543,0
8544,0
8545,0
8546,0
8547,0
8548,0
8549,0
8550,0
8551,0
8552,141
8553,359
8554,498
8555,516
8556,532
8557,692
8558,567
8559,620
8560,498
8561,440
8562,221
8563,68
8564,3
8565,0
8566,0
8567,0
8568,0
8569,0
8570,0
8571,0
8572,0
8573,0
8574,0
8575,0
8576,179
8577,449
8578,406
8579,481
8580,454
8581,427
8582,578
8583,550
8584,404
8585,363
8586,170
8587,80
8588,13
8589,31
8590,175
8591,0
8592,0
8593,0
8594,0
8595,0
8596,0
8597,0
8598,0
8599,0
8600,189
8601,340
8602,339
8603,490
8604,367
8605,472
8606,486
8607,393
8608,403
8609,284
8610,150
8611,72
8612,24
8613,52
8614,358
8615,0
8616,0
8617,0
8618,0
8619,0
8620,0
8621,0
8622,0
8623,0
8624,245
8625,329
8626,650
8627,680
8628,653
8629,622
8630,667
8631,634
8632,559
8633,428
8634,268
8635,65
8636,5
8637,0
8638,0
8639,0
8640,0
